{"cameraMode":{"drawMode":0,"name":"Shaded","section":"Shading Mode"},"sceneLighting":false,"audioPlay":false,"sceneViewState":{"m_AlwaysRefresh":false,"showFog":true,"showSkybox":false,"showFlares":true,"showImageEffects":true,"showParticleSystems":true,"showVisualEffectGraphs":true,"m_FxEnabled":true},"in2DMode":false,"pivot":{"x":0.04853285104036331,"y":0.5240173935890198,"z":0.1203501746058464},"rotation":{"x":0.000645507825538516,"y":0.9993079304695129,"z":-0.0302978977560997,"w":0.02128939889371395},"size":1.8108837604522706,"orthographic":false}