{"cameraMode":{"drawMode":0,"name":"Shaded","section":"Shading Mode"},"sceneLighting":false,"audioPlay":false,"sceneViewState":{"m_AlwaysRefresh":false,"showFog":true,"showSkybox":false,"showFlares":true,"showImageEffects":true,"showParticleSystems":true,"showVisualEffectGraphs":true,"m_FxEnabled":true},"in2DMode":false,"pivot":{"x":0.299436092376709,"y":1.2809141874313355,"z":-0.2760186195373535},"rotation":{"x":0.001020984840579331,"y":0.9982719421386719,"z":-0.05577106028795242,"w":0.018271394073963167},"size":3.17266845703125,"orthographic":false}