{"cameraMode":{"drawMode":0,"name":"Shaded","section":"Shading Mode"},"sceneLighting":true,"audioPlay":false,"sceneViewState":{"m_AlwaysRefresh":false,"showFog":true,"showSkybox":true,"showFlares":true,"showImageEffects":true,"showParticleSystems":true,"showVisualEffectGraphs":true,"m_FxEnabled":true},"in2DMode":false,"pivot":{"x":1016.2111206054688,"y":837.7122192382813,"z":-1540.6673583984375},"rotation":{"x":0.06622757017612457,"y":0.031420305371284488,"z":-0.0020853709429502489,"w":0.9972996115684509},"size":6.310063362121582,"orthographic":false}